name,entity_type,address,city,state,lca_filing_count
"PHOTON INFOTECH, INC.",CORP,12300 FORD ROAD SUITE B270,DALLAS,TX,855
MYTHRI CONSULTING LLC,LLC,"8668 JOHN HICKMAN PARKWAY SUITE #402",FRISCO,TX,325
ECOM Consulting Incorporated,CORP,2828 W. Parker Road Ste 224,Plano,TX,266
"Regal IT Services, Inc",CORP,633 E Fernhurst Dr Ste 904,KATY,TX,234
Advanced Resource Staffing Inc,CORP,"2695 Villa Creek Dr Suite #B130",Dallas,TX,215
"SBP Consulting, Inc.",CORP,1303 W. WALNUT HILL LANE SUITE 350,IRVING,TX,200
"SIRA Consulting, Inc.",CORP,6363 Richmond Avenue Suite 255,Houston,TX,195
AllPro Consulting LLC,LLC,"519 Haven Hill Dr.,",Katy,TX,183
TECHWAVE CONSULTING INC,CORP,"13501 KATY FWY SUITE # 1000",HOUSTON,TX,172
"4CONSULTING, INC",CORP,1050 West Campbell Road STE 100,Richardson,TX,153
Tektra IT Services Inc.,CORP,633 E Fernhurst Dr Suite 1303,Katy,TX,151
Vorizo Info Tech Inc,CORP,"Discovery Business Park, 715 Discovery Blvd Suite 211",Cedar Park,TX,150
TECHSTAR CONSULTING INC,CORP,222 WEST LAS COLINAS BLVD Suite 540 E,IRVING,TX,142
"EMC Consulting Group, Inc",CORP,"2591 Dallas Parkway, Suite 300",Frisco,TX,139
Damian Consulting Inc,CORP,5800 campus circle dr E suite  150 A,Irving,TX,128
NGTalentTech Group LLC,LLC,2695 Villa Creek Drive Suite B113,Farmers Branch,TX,126
SREE INFOTECH LLC,LLC,9901 EAST VALLEY RANCH PARKWAY SUITE 3008,IRVING,TX,124
LBV CONSULTING SERVICES LLC,LLC,"5000 Riverside Drive, Bldg. 6 Suite 100E",Irving,TX,123
"Texans IT Services, Inc.",CORP,633 E Fernhurst Dr Suite 1301,Katy,TX,115
"Yash & Lujan Consulting, Inc.",CORP,5750 Epsilon,San Antonio,TX,115
Global Bridge InfoTech Inc.,CORP,5525 N. MacArthur Blvd. Suite 670,Irving,TX,106
RK Infotech LLC,LLC,1000 Heritage Center Circle,Round Rock,TX,104
"S4 CONSULTANTS, INC.",CORP,1303 W. WALNUT HILL LN. SUITE 280,IRVING,TX,103
BENED SOFTWARE SERVICES INC,CORP,1200 W Walnut Hill Ln Suite 3800,Irving,TX,101
Cedent Consulting Inc.,CORP,"6847 Communications Pkwy, Suite #710 #710",Plano,TX,101
QUIDDITY INFOTECH LLC,LLC,"2601 Little Elm Parkway Suite # 704",Little Elm,TX,97
"Cognitus Consulting, LLC",LLC,14800 Quorum Drive Suite 525,Dallas,TX,92
Danta Infotech LLC,LLC,6401 Eldorado Pkwy Suite 111,McKinney,TX,91
"VIBRANT INFOTECH, INC.",CORP,"25663 SMOTHER MAN RD. BUILDING 300, STE. #306",FRISCO,TX,89
"i2 infotech, LLC",LLC,2695 Villa Creek Dr Suite 200,Dallas,TX,87
"ES Search Consultants, Inc",CORP,5005 W Royal Ln Ste 224,Irving,TX,85
Intalent LLC,LLC,555 Republic Dr STE 425,Plano,TX,82
Nortek Consulting INC,CORP,2300 Valleyview Lane SUITE 825,Irving,TX,76
"Tango Management Consulting, Inc.",CORP,9797 Rombauer Road Suite 450,Dallas,TX,74
TAITConsultingGroup LLC,LLC,3401 Custer Rd STE 104,Plano,TX,71
TRANSNATIONAL SOFTWARE SERVICES INC,CORP,12300 FORD RD SUITE B200,FARMERS BRANCH,TX,68
"Kaltech Consulting, Inc",CORP,400 E Royal lane building 3 Suite 290,Irving,TX,67
Konduru Consulting Services LLC,LLC,10011  Mallory Dr,Frisco,TX,65
SV Infotech Group Inc,CORP,"12300 Ford Rd Suite #B170",Farmers Branch,TX,63
NEXUS INFOTECH LLC,LLC,5669 Matterhorn Dr,Frisco,TX,62
"Adept Computer Consultants, Inc.",CORP,1303 W. Walnut Hill Lane Suite 360,Dallas,TX,59
"Gemini Consulting & Services, LLC",LLC,"3636 S. Geyer Rd., Ste. 270",Sunset Hills,MO,56
Flyhigh Staffing LLC,LLC,555 Republic Dr Suite 320,Plano,TX,55
CloudMellow Consulting Ltd. Co.,OTHER,5899 Preston Road Suite 1103,Frisco,TX,55
Zentech Consulting Inc,CORP,12880 Hillcrest Rd Suite J109,Dallas,TX,53
"Tecnics Consulting, Inc.",CORP,"5177 Richmond Ave., Suite #570",Houston,TX,51
SONIKS CONSULTING LLC,LLC,2351 W. NORTHWEST HWY SUITE 2216,DALLAS,TX,51
"Franklin Infotech, Inc",CORP,"700 Market Street, Suite # 204",Cedar Park,TX,50
ALICE CONSULTING LLC,LLC,"7460 WARREN PKWY SUITE # 100",FRISCO,TX,49
Briozon Infotech LLC,LLC,"400 E Royal Lane Building 3 Suite# 290",Irving,TX,48
Global Telecom and IT Services Inc.,CORP,12300 Ford Rd. Suite 290,Dallas,TX,48
TAMMINA INFOTECH INC.,CORP,10942 PATTISON DRIVE,FRISCO,TX,47
Valiant IT Services Inc,CORP,"9130 JOLLYVILLE RD, STE 100-7A",AUSTIN,TX,46
MOTIVE IT SERVICES LLC,LLC,113 KLAMBERG LN,ELLISVILLE,MO,46
Sri Shakthi IT Services LLC,LLC,"1508 E Belt Line Rd Suit # 204",Carrollton,TX,45
"Sapphire IT Services, Inc.",CORP,10701 Corporate Drive Suite 146,Stafford,TX,44
Neo Infotech Inc,CORP,4101 McEwen Rd Suite 230,Dallas,TX,44
PRAISE CONSULTING LLC,LLC,701 PIN OAK RD SUITE 200A,KATY,TX,43
Nexcruit IT Services LLC,LLC,2300 Valley View Ln STE 619,Irving,TX,42
AVL Consulting Services Inc.,CORP,17000 Dallas Pkwy Suite 119,Dallas,TX,41
ND Global Consulting Services Inc.,CORP,"539 W Commerce St #2970",Dallas,TX,40
SAPIEN INFOTECH INC,CORP,10935 Estate Ln Ste S271,Dallas,TX,40
"BLUELINK IT SERVICES, LLC",LLC,101 E. Park Blvd SUITE 600,PLANO,TX,40
CAPITAL RECRUITERS INC,CORP,6220 Campbell Road SUITE 102,DALLAS,TX,40
VTech Infotech LLC,LLC,2591 Dallas Parkway Suite 300,Frisco,TX,40
AMPLE IT SERVICES LLC,LLC,5605 N MACARTHUR BLVD SUITE 1005,IRVING,TX,37
"Conduit Consultancy Services, LLC",LLC,1402 S. Custer Road Suite 801,McKinney,TX,37
CENTILLION INFOTECH LLC,LLC,8951 CYPRESS WATERS BLVD SUITE 160,DALLAS,TX,36
SVASTHA INFOTECH INC,CORP,"555 REPUBLIC DR, STE 264",PLANO,TX,36
MS Info Tech LLC,LLC,"425 Bernard St APT #1015",Denton,TX,35
"VIJAYA CONSULTANCY SERVICES, INC.",CORP,5710 PATRIDGE DR,PEARLAND,TX,35
SVM SOFTTECH CORPORATION DBA YENILIKS IT SERVICES,CORP,8105 Rasor Boulevard Suite 295,Plano,TX,34
Conglomerate IT Services Inc,CORP,4101 McEwen Rd Ste 322,Farmers Branch,TX,33
SPANCO INFOTECH INC,CORP,13601 PRESTON RD SUITE E310,DALLAS,TX,33
NEWERA IT SERVICES LLC,LLC,12808 West Airport Blvd SUITE 265E,SUGAR LAND,TX,32
HELI CONSULTING LLC,LLC,3180 SCOTCH CREEK RD UNIT 204,COPPELL,TX,32
R Cube Creative Consulting Inc,CORP,3528 Venezia Vw,Leander,TX,32
Cambay Consulting LLC,LLC,1838 Snake River Road Suite A,Katy,TX,31
SILVER BAY CONSULTING LLC,LLC,11931 WICK CHESTER LN STE 450,HOUSTON,TX,31
"Crowd Software Consulting, LLC.",LLC,1200 W Walnut Hill Lane Suite 3100,Irving,TX,31
GM INFOTECH LLC,LLC,1002 GEMINI AVENUE SUITE 225-B,HOUSTON,TX,30
Purview Infotech LLC,LLC,"2727 Lyndon B Johnson Fwy, Suite 570",Farmers Branch,TX,30
"Tech Talent Connect, LLC",LLC,4233 Roanoke Rd Suite 101,Kansas City,MO,30
BIG PEACH IT SERVICES LLC,LLC,"5005 W Royal Ln Ste#195",Irving,TX,29
ALMIT SERVICES INC.,CORP,5700 TENNYSON PKWY SUITE 300,PLANO,TX,29
CONQUEST CONSULTING LLC,LLC,3000 Polar Lane Unit 803,CEDARPARK,TX,29
Vibrantitconsulting inc,CORP,"5830 Granite Pkwy #217",Plano,TX,29
Qubeway Consulting LLC,LLC,"12222 Merit Drive, #130",Dallas,TX,28
"TECHNOLANCE IT SERVICES, LLC",LLC,13785 RESEARCH BLVD SUITE 125,AUSTIN,TX,28
"RELIANT INFOTECH, INC.",CORP,7800 PRESTON ROAD SUITE 114,PLANO,TX,28
"Dynamic Software Consultants, Inc",CORP,924 S Belt Line Rd STE 150,Coppell,TX,27
Pinnacle Infotech Inc.,CORP,50 SUGAR CREEK CENTER BLVD. STE 350,SUGAR LAND,TX,27
Taciti Consulting LLC,LLC,6010 W Spring Parkway Suite 204,Plano,TX,27
"Master Minds Consulting Services, LLC",LLC,8668 John Hickman Pkwy Suite 903,Frisco,TX,26
Prudent Technologies & Consulting Inc.,CORP,1505 LBJ Freeway Suite 327,Dallas,TX,26
REDDINGTON CONSULTING INC,CORP,7214 State Highway 78 Suite 12,Sachse,TX,24
"Pacifica Consulting Services,LLC",LLC,1067 N Mason Rd. Suite 2,St. Louis,MO,24
Avalon Software Services LLC,LLC,13706 Research Blvd Suite 303,Austin,TX,23
Thinkbyte Consulting INC.,CORP,3721 S. Stonebridge DR. Suite 501,McKinney,TX,23
EDGE TECHNOLOGY CONSULTANTS INC,CORP,5903 ROSE STREET,HOUSTON,TX,22
Koya Consulting Inc,CORP,"9900 Westpark dr, Suite 332",Houston,TX,22
VSD Infotech LLC,LLC,2007 Texoma Pkwy Suite 380,Sherman,TX,20
SAHAY CONSULTING LLC,LLC,4151 SOUTHWEST FREEWAY SUITE 420,Houston,TX,19
Placeurtalent LLC,LLC,"1431 Greenway Drive Suite# 801",Irving,TX,19
"Newt Global Consulting, LLC",LLC,1300 W. Walnut Hill Lane Suite 230,Irving,TX,18
"Technokraft consultancy services, LLC",LLC,"3824 Cedar Springs Rd #801-7142",Dallas,TX,17
RamITstaffing Inc,CORP,1300 Walnut Hill Lane Suite 246,Irving,TX,17
Dessars Consulting LLC,LLC,100 N Central Expressway Suite 538,Richardson,TX,17
"PHONETIC CONSULTING SERVICES, INC.",CORP,"13809 RESEARCH BLVD. STE. #500",AUSTIN,TX,17
ABEAM CONSULTING (USA) LTD.,OTHER,222 W. Las Colinas Blvd. Ste. 2150N,Irving,TX,16
PROWESS INFOTECH LLC,LLC,"2591 DALLAS PARKWAY STE#300",FRISCO,TX,16
ROBOTICS STAFFING LLC,LLC,559 W WHEATLAND RD SUITE 107,DUNCANVILLE,TX,16
Ocelot Consulting LLC,LLC,11477 Olde Cabin Rd Suite 320,Creve Couer,MO,16
Cognizaant Mind Consulting LLC,LLC,1431 Greenway Dr. SUITE 800,Irving,TX,15
CONSULTING OPPORTUNITY HOLDINGS LLC,LLC,"5080 Spectrum Dr Ste 1050 , Floor 10, East Tower",Addison,TX,15
Luminova Infotech LLC,LLC,6401 Eldorado Parkway Suite 1000,McKinney,TX,15
Big Blue Infotech Inc,CORP,633 E Fernhurst Dr STE  1001,Katy,TX,15
"C&T INFOrmation TECHnology Consulting, Inc",CORP,201 S. Lakeline Blvd. Ste. 803,Cedar Park,TX,14
FORTIS TALENT LLC,LLC,5600 TENNYSON PKWY SUITE 160,PLANO,TX,14
Caelius Consulting Inc.,CORP,8501 Wade Blvd. Suite 250,Frisco,TX,14
Syntegra Global Consulting LLC,LLC,"15500 Voss Road, Suite 678",Sugar Land,TX,14
Winfo Consulting Inc,CORP,7924 Preston Road STE 350,Plano,TX,14
Trident IT Services LLC,LLC,9896 Bissonnet St STE 440,Houston,TX,14
"TMG Consulting, Inc.",CORP,388 Feathergrass Dr.,Buda,TX,14
Wise Men Consultants Inc.,CORP,1500 South Dairy Ashford Suite 285,Houston,TX,13
Sabio Infotech Inc.,CORP,9300 John Hickman Pkwy Suite 302,Frisco,TX,13
Greatminds Infotech LLC,LLC,7961 Staley Dr,Frisco,TX,13
Voltas Consulting Inc,CORP,5407 Mulberry Grove Ln,Austin,TX,13
"Sigma Infotech, Inc.",CORP,8411 Sterling St. Ste. 104,Irving,TX,12
Suchita Consulting Inc,CORP,6701 Hwy Blvd Suite 211,Katy,TX,12
"Ritual IT Consulting, Inc.",CORP,"101 E. Park Blvd, Suite 600",Plano,TX,12
We Staffing Inc,CORP,1600 Redbud Boulevard Suite 201,McKinney,TX,12
TRINITY INFOTECH INC,CORP,"2727 Lyndon B Johnson Fwy SUITE # 125",Farmers Branch,TX,12
Propel Infotech Inc.,CORP,13276 RESEARCH BLVD SUITE 109,AUSTIN,TX,12
MARVI INFOTECH INC,CORP,5601 Executive Dr STE 500,Irving,TX,12
SIRI SOFTWARE CONSULTANCY SOLUTIONS LLC,LLC,6424 ATHENEE LANE,FRISCO,TX,12
Aadiya Consulting,OTHER,"5830 Granite Pkwy, 100-226",Plano,TX,12
DataDigit IT Consulting Services LLC,LLC,"2770 Main Street #99",Frisco,TX,12
"QualInfoTech Solutions, Inc.",CORP,"7460 Warren Parkway, Suite 100",Frisco,TX,11
Knowac IT Services LLC,LLC,2150 S. Central Expressway Suite 200,McKinney,TX,11
Peer Staffing Inc.,CORP,6675 Mediterranean Drive Suite 201,McKinney,TX,11
BRAINTREE CONSULTANTS INC,CORP,5005 W. Royal Lane Suite 127,Irving,TX,11
"PARAMOUNT CONSULTING, LLC",LLC,2600 MACARTHUR BLVD SUITE 602,LEWISVILLE,TX,11
"SAPTopia Consulting, LLC",LLC,801 E Campbell Rd. Ste. 140,Richardson,TX,10
"Talent Tech Solutions, Inc.",CORP,2591 Dallas Pkwy Suite 300,Frisco,TX,10
P2C Infotech Inc,CORP,"5900 S Lake Forest Dr Suite # 300",Mckinney,TX,10
"Asura IT Consulting, LLC.",LLC,"7610 N Stemmons Fwy #460",Dallas,TX,10
Fusion Consulting Inc.,CORP,1505 Lyndon B Johnson Freeway Suite 450,Farmers Branch,TX,10
BLUEORIGINITSTAFFING LLC,LLC,1000 S. WEST DR. SUITE 13,LEANDER,TX,10
Visi Infotech Solutions Inc,CORP,9901 East Valley Ranch Pkwy Suite 1030,Irving,TX,9
Flashtech Consulting Services INC.,CORP,2503 Braypark Ln,Katy,TX,9
Aaur Consultancy LLC,LLC,4425 W. Airport Freeway Suite 359,Irving,TX,9
"Outsource Research Consulting, Inc.",CORP,2703 Highway 6 South Suite 280-B,Houston,TX,9
Koolkarni Consulting LLC,LLC,2665 Villa Creek Dr Suite A201,Farmers Branch,TX,9
VEDHOPS IT SERVICES LLC,LLC,"2735 Villa Creek Dr, A100",Farmers Branch,TX,9
Narahari IT Services Inc “DBA” NITS Data Services Inc,CORP,"2552 Stonebrook Pkwy Suite # B152",Frisco,TX,9
Milestone Staffing LLC,LLC,5700 Tennyson Parkway Suite 300,Plano,TX,8
RECRUITING MINDS INC.,CORP,3900 S. Stonebridge Drive Suite 802,McKinney,TX,8
"Fourth Quarter Staffing, Inc.",CORP,2484 Hammock Lake Drive,Little Elm,TX,8
Brainvire Infotech Inc.,CORP,6600 Chase Oaks Boulevard Suite 150,Plano,TX,8
Falcon Placement Services,OTHER,6006 Village Grove Dr.,Pearland,TX,8
Gambit Data Consulting LLC,LLC,363 N Sam Houston Pkwy E Suite 1100,Houston,TX,8
Talenttech Corporation,CORP,2695 Villa Creek Drive Suite B278,Dallas,TX,8
Insignia Consultancy Solutions LLC,LLC,806 W Coffin St,Dennison,TX,8
Cybverve Consulting LLC,LLC,1620 E Beltline Rd,Carrollton,TX,8
KANSHE INFOTECH INC,CORP,2039 N Mason Road Suite 604,Katy,TX,8
ACloudX Consulting LLC,LLC,555  Round Rock West Drive STE  E210,Round Rock,TX,8
GOLDEN WEST CONSULTING INC.,CORP,1417 Sawmill Crossing,Round Rock,TX,7
Talentum Group,OTHER,13740 Research Blvd Suite M-6,Austin,TX,7
Helioinfo Tech LLC,LLC,1452 Hughes Road Suite 200 - 434,Grapevine,TX,7
Artemis Infotech Inc,CORP,2002 Timberloch Pl Suite 200-130,The woodlands,TX,7
3A Infotech LLC,LLC,5265 Cypress Creek Pkwy suite 110,Houston,TX,7
"Lenmar Consulting, Inc.",CORP,5600 Tennyson Pkwy Ste 245,Plano,TX,7
SOFTNET CONSULTING INC,CORP,7300 STATE HIGHWAY 121 SUITE 300,MCKINNEY,TX,7
Aspen Tek Systems LLC,LLC,1425 West Pioneer Dr Suite 252,Irving,TX,6
"QUICKASSERT CONSULTING, INC",CORP,1431 Greenway Drive Suite 800,Irving,TX,6
Brook Consultants Inc.,CORP,2500 N. Dallas Pkway Suite 180,Plano,TX,6
TalentNine Solutions LLC,LLC,"5605 North MacArthur Blvd Suite # 310",Irving,TX,6
"GODREJ INFOTECH AMERICAS, INC",CORP,4020 S. INDUSTRIAL DRIVE SUITE 100,AUSTIN,TX,6
"AVIO Consulting, LLC",LLC,15851 Dallas Parkway Suite 250,Addison,TX,6
S & S Consultancy LLC,LLC,5700 Tennyson Parkway,Plano,TX,6
Tekpossible Consulting LLC,LLC,"4425 W Airport Fwy, Suite 458",Irving,TX,6
M3 Tek Systems Inc,CORP,5011 Lockridge Sky Ln,Sugar Land,TX,6
Titan Consulting Services LLC,LLC,2020 Commerce Dr,Rosenberg,TX,6
NSVS Consulting LLC,LLC,10601 Promenade Terrace,McKinney,TX,5
ADTEKSYSTEMS LLC,LLC,3401 Custer Rd STE 132,Plano,TX,5
MICROTEK SYSTEMS INC,CORP,"5850 Collin McKinney PKWY Suite# 501",McKinney,TX,5
JSP IT Services LLC,LLC,6860 N Dallas Pkwy STE 200,Plano,TX,5
TECK DYNAMICS CONSULTING LLC,LLC,400 Wellington Ct,Southlake,TX,5
AIMNext Consulting,OTHER,1000 S West Dr Unit 16 APT,Leander,TX,5
H&A Consulting Inc,CORP,2591 Dallas Parkway Suite STE 300,Frisco,TX,5
Osceola Staffing Holdings LLC,LLC,800 Town & Country Blvd STE 500,Houston,TX,5
"interRel Consulting Partners, LTD",OTHER,6100 W. Plano Pkwy Suite 1800,Plano,TX,5
Premium Consulting Corporation,CORP,2135 E Primrose Street Suite A,Springfield,MO,5
"Allied Consultants, Inc.",CORP,1304 West Avenue,Austin,TX,4
ASCEND MANAGEMENT CONSULTING,OTHER,800 TOWN & COUNTRY BLVD. SUITE 300,HOUSTON,TX,4
Coalescence Cloud Consulting LLC,LLC,3025 Damsel Sauvage Lane,Lewisville,TX,4
TalentKloud Holding LLC,LLC,"3000 Keller Springs Road Suite #400",Carrollton,TX,4
Kainergy Consulting,OTHER,4031 Whispering Woods Lane,Frisco,TX,4
Swasun Consulting LLC,LLC,4100 Spring Valley Rd Suite 612,Farmers Branch,TX,4
RAK SPOT INFOTECH LLC,LLC,3720 NW LOOP 410,San Antonio,TX,4
Stratosphere Technical Consulting LLC,LLC,1920 McKinney Ave Suite 700,Dallas,TX,4
"GIR Software Services, LLC",LLC,3219 S Sam Houston Parkway E,Houston,TX,4
ONEDOTSIX CONSULTING INC,CORP,539 W COMMERCE ST 3436,DALLAS,TX,4
"Talenteer, Inc.",CORP,8360 Lyndon B Johnson Fwy Ste A235,Dallas,TX,4
ITECHNO CONSULTING INC,CORP,6116 SPIETH RD,MCKINNEY,TX,4
Lannister Consulting LLC,LLC,105 Rosadi Cove,Georgetown,TX,4
EIT SERVICES LLC,LLC,1400 PRESTON RD SUITE 400,PLANO,TX,4
Tech America Consulting Inc,CORP,1333 W. McDermott Suite 200,Allen,TX,4
"METADAIS CONSULTING SERVICES, LLC",LLC,1033 SUN RIDGE DRIVE,FLOWER MOUND,TX,4
"Dynamic Consultants Group, LLC",LLC,5901 NW 63rd Terrace Ste. 190,Kansas City,MO,4
"Sysdata Consulting, Inc.",CORP,7416 Ethel Avenue,Richmond Heights,MO,4
Pollux Consultancy Services LLC,LLC,819 Nardin Dr,Chesterfield,MO,4
Oremda Infotech Inc.,CORP,2251 S Bagdad Rd Ste 301,Cedar Park,TX,3
"Electronic Transaction Consultants, LLC",LLC,1600 N. Collins Boulevard Suite 4000,Richardson,TX,3
"Aimersz Consulting Services, Inc.",CORP,8951 Cypress Waters Blvd Suite 160,Dallas,TX,3
K-Tek Resourcing LLC,LLC,9494 Southwest Freeway Suite 350,Houston,TX,3
"Conexio Consulting, LLC",LLC,801 E. Campbell Rd Ste. 245A,Richardson,TX,3
Dallas Infotech LLC,LLC,100 N. Central Expressway Suite 500,Richardson,TX,3
Amazing Consulting And Solutions LLC,LLC,2727 LBJ Freeway Suite 568,Farmers Branch,TX,3
Applied AI Consulting Corp,CORP,2150 S Central Expy Suite 200,McKinney,TX,3
DFW Staffing LLC,LLC,17440 Dallas Pkwy suite 124,Dallas,TX,3
Systoma Consulting LLC,LLC,"9355 John W. Elliott Dr Suite 25, #25572",Frisco,TX,3
Stockell Consulting,OTHER,"15400 South Outer Forty #104",Chesterfield,MO,3
"TargetRecruit, LLC",LLC,"2925 Richmond Ave 12th #Floor",Houston,TX,2
"Cyber Infotech, LLC",LLC,9300 John Hickman Pkwy Suite 203,Frisco,TX,2
ANOX CONSULTANCY INC,CORP,1 CHISHOLM TRAIL RD SUITE 450,ROUND ROCK,TX,2
WhiteGold Consulting LLC,LLC,415 E. Airport Freeway Suite 365,Irving,TX,2
Celerity IT Staffing & Consulting Services Inc,CORP,17350 State Highway 249 Ste 220,Houston,TX,2
"Big Apple Infotech, LLC",LLC,5700 Tennyson Pkwy Suite 300,Plano,TX,2
Tejas InfoTech Systems Inc,CORP,1036 Saint Francis Ln,Flower Mound,TX,2
Propero Consulting LLC,LLC,844 Skyline Drive,Argyyle,TX,2
"USATECHCONSULTING, LLC",LLC,8203 WILLOW PLACE DR S SUITE 515,HOUSTON,TX,2
ARDENT INFO TECH LLC.,LLC,4400 State Hwy 121 Suite 300-0052,Lewisville,TX,2
"Xcellence IT Consulting, LLC",LLC,17218 Preston Rd suite 2250,Dallas,TX,2
"AmeriSoft Consulting, LLC",LLC,"3333 Preston Road, Suite 300",Frisco,TX,2
"ReachNett Consulting, Inc.",CORP,"3620  N. Josey Lane,  Suite 113",Carrollton,TX,2
AAPS Consulting LLC,LLC,"2706 Margaret Falls Ln,",Katy,TX,2
SANTHI & SUNIL CONSULTANCY LLC,LLC,5700 TENNYSON PKWY SUITE 300,PLANO,TX,2
RIDEINFO TECH LLC,LLC,5900 South Lake Forest Drive,McKinney,TX,2
VBM STAFFING SOLUTIONS LLC,LLC,2980 Calderdale Ct,Prosper,TX,2
Techforce Staffing Inc.,CORP,101 E. Park Blvd. Suite 600,Plano,TX,2
Crawford Consulting SDC,OTHER,2201 Long Prairie Rd Suite 107 - 620,Flower Mound,TX,2
"Infotech Houston Solutions, LLC.",LLC,"12727 Featherwood Dr. Ste.# 119",Houston,TX,2
Cloudtree Consulting LLC,LLC,2141 Nocona Drive,Prosper,TX,2
Stonebridge Consulting LLC,LLC,6001 Savoy Dr Suite 600,Houston,TX,2
Achieve Technology Consulting,OTHER,10555 Indigo Broom Loop,Austin,TX,2
"Catapult Staffing, LLC",LLC,4965 Preston Park Blvd. Suite 800E,Plano,TX,2
R44 CONSULTING LLC,LLC,1841 S LAKELINE BLVD STE 101-306,CEDAR PARK,TX,2
"SHARP INFOTECH, INC.",CORP,6160 WARREN PARKWAY SUITE 100,FRISCO,TX,1
"San Francisco Consulting Group, Inc.",CORP,5912 Balcones Drive Suite 200,Austin,TX,1
"RS IT Consulting, LLC",LLC,22218 Weller Oaks Drive,Spring,TX,1
BNB Info Tech LLC,LLC,5511 Parkcrest Dr. Suite103,Austin,TX,1
ASCENTIA CONSULTING PTE LTD COMPANY,OTHER,5900 Balcones DR STE 4176,Austin,TX,1
MOBISOFT INFOTECH LLC,LLC,1811 BERING DRIVE SUITE 200,HOUSTON,TX,1
Tech Brix Consulting Services Inc,CORP,12280 Broadway St. Unit 4116,Pearland,TX,1
Oxbridge Consulting Group LLC,LLC,5900 Balcones Drive Suite 100,Austin,TX,1
MACROSOFTGLOBAL CONSULTING SERVICES LLC,LLC,6046 PAINSWICK DR,Aubrey,TX,1
ECOM Elite Computer Consultants LP,LP,118 Vintage Park Blvd. Suite W418,Houston,TX,1
"Argos Infotech, LLC",LLC,4425 Plano Parkway Suite 904,Carrollton,TX,1
LM INFOTECH & INFORMATION TECHNOLOGY SERVICES LLC,LLC,9651 Vita Dolce Dr,Frisco,TX,1
A1 RESOURCING INC,CORP,5465 Legacy Dr Suite 650,Plano,TX,1
"Artis Consulting, LLC",LLC,2400 Lakeside Blvd. Suite 600,Richardson,TX,1
"TalentGuard, Inc",CORP,"1120 S Capital of TX Hwy Suite # 3-105",Austin,TX,1
UNIQUELYTICAL CONSULTING LLC,LLC,4013 Nightingale St.,Celina,TX,1
Copula Global Consulting Inc,CORP,6002 Priory Dr,Aubrey,TX,1
ENTERPRISE APPLICATIONS CONSULTING LLC,LLC,7900 Highland Bluff,Atlanta,TX,1
ARK Infotech Spectrum Inc.,CORP,7924 Preston Rd Ste 350,Plano,TX,1
"Infotech Dynamics, Inc",CORP,8951 Cypresswaters Blvd suite 160,Coppell,TX,1
"C&T Consulting Services, LLP",LLP,601 Quali Valley Dr Ste. 302,Georgetown,TX,1
Nelvian IT Consulting LLC,LLC,"3120 Southwest Freeway Ste. 101 #773774",Houston,TX,1
ZENITHIQ TECHNOLOGY  CONSULTING LLC,LLC,7320 SNAPDRAGON CT,AUBREY,TX,1
FORTUNA HEALTHCARE CONSULTING SERVICES LLC,LLC,2713 BROKEN BOW CIR,PLANO,TX,1
Breign InfoTech Inc,CORP,1212 Corporate Drive Suite 268,Irving,TX,1
PibyThree Consulting Services Inc.,CORP,6275 West Plano Parkway Suite 500,Plano,TX,1
Application Development Consultants,OTHER,7001 Burnet Road Suite 301,Austin,TX,1
Oliver Info Tech LLC,LLC,10510 Coastal Violet Rd,Frisco,TX,1
HMM Cloud Consulting LLC,LLC,7200 W University Dr Ste 216,McKinney,TX,1
Silverbay Consulting Service LLC,LLC,11931 Wickchester LN 450,Houston,TX,1
Dwaith Infotech Inc,CORP,3401 Custer Road Suite 183,Plano,TX,1
Falcon InfoTech LLC,LLC,1907 HAYS RANCH DR,RICHMOND,TX,1
ITalentii Tech LLC,LLC,"2591 Dallas Parkway Suite #300 Frisco",Frisco,TX,1
Dallas Review Consulting LLC,LLC,14800 Quorum Dr STE 255,Dallas,TX,1
